Text,Prediction
Well its not like you actually called someone a punto. That woulda been worse.,Not Spam 
"Nope. Since ayo travelled, he has forgotten his guy",Not Spam 
You still around? Looking to pick up later,Not Spam 
CDs 4u: Congratulations ur awarded å£500 of CD gift vouchers or å£125 gift guaranteed & Freeentry 2 å£100 wkly draw xt MUSIC to 87066 TnCs www.ldew.com1win150ppmx3age16 ,Spam
There's someone here that has a year  &lt;#&gt;  toyota camry like mr olayiwola's own. Mileage is  &lt;#&gt; k.its clean but i need to know how much will it sell for. If i can raise the dough for it how soon after landing will it sell. Holla back.,Not Spam 
Guess which pub im in? Im as happy as a pig in clover or whatever the saying is! ,Not Spam 
ILL B DOWN SOON,Not Spam 
Oh k. . I will come tomorrow,Not Spam 
Go fool dont cheat others ok,Not Spam 
"My mobile number.pls sms ur mail id.convey regards to achan,amma.Rakhesh.Qatar",Not Spam 
"By the way, 'rencontre' is to meet again. Mountains dont....",Not Spam 
You have WON a guaranteed å£1000 cash or a å£2000 prize. To claim yr prize call our customer service representative on 08714712412 between 10am-7pm Cost 10p,Spam
U attend ur driving lesson how many times a wk n which day?,Not Spam 
"Uncle G, just checking up on you. Do have a rewarding month",Not Spam 
Hello boytoy ! Geeee ... I'm missing you today. I like to send you a tm and remind you I'm thinking of you ... And you are loved ... *loving kiss*,Not Spam 
I think the other two still need to get cash but we can def be ready by 9,Not Spam 
Hey gals...U all wanna meet 4 dinner at nÌÂte? ,Not Spam 
Dear 0776xxxxxxx U've been invited to XCHAT. This is our final attempt to contact u! Txt CHAT to 86688 150p/MsgrcvdHG/Suite342/2Lands/Row/W1J6HL LDN 18yrs,Spam
Babe ! What are you doing ? Where are you ? Who are you talking to ? Do you think of me ? Are you being a good boy? Are you missing me? Do you love me ?,Not Spam 
Great! How is the office today?,Not Spam 
"It's cool, we can last a little while. Getting more any time soon?",Not Spam 
:-( sad puppy noise,Not Spam 
Yes its possible but dint try. Pls dont tell to any one k,Not Spam 
Anyway holla at me whenever you're around because I need an excuse to go creep on people in sarasota,Not Spam 
Where you. What happen,Not Spam 
I was gonna ask you lol but i think its at 7,Not Spam 
Ur cash-balance is currently 500 pounds - to maximize ur cash-in now send GO to 86688 only 150p/meg. CC: 08718720201 HG/Suite342/2lands Row/W1j6HL,Spam
PRIVATE! Your 2003 Account Statement for shows 800 un-redeemed S.I.M. points. Call 08715203685 Identifier Code:4xx26 Expires 13/10/04,Spam
Go chase after her and run her over while she's crossing the street,Not Spam 
I'd like to tell you my deepest darkest fantasies. Call me 09094646631 just 60p/min. To stop texts call 08712460324 (nat rate),Not Spam 
Is there coming friday is leave for pongal?do you get any news from your work place.,Not Spam 
Hey... Very inconvenient for your sis a not huh?,Not Spam 
Ok i vl..do u know i got adsense approved..,Not Spam 
"* Was really good to see you the other day dudette, been missing you!",Not Spam 
I want to go to perumbavoor,Not Spam 
How many times i told in the stage all use to laugh. You not listen aha.,Not Spam 
You won't believe it but it's true. It's Incredible Txts! Reply G now to learn truly amazing things that will blow your mind. From O2FWD only 18p/txt,Spam
(You didn't hear it from me),Not Spam 
Thanks for being there for me just to talk to on saturday. You are very dear to me. I cherish having you as a brother and role model.,Not Spam 
Pls clarify back if an open return ticket that i have can be preponed for me to go back to kerala.,Not Spam 
Natalie (20/F) is inviting you to be her friend. Reply YES-165 or NO-165 See her: www.SMS.ac/u/natalie2k9 STOP? Send STOP FRND to 62468,Spam
She ran off with a younger man. we will make pretty babies together :),Not Spam 
Jamster! To get your free wallpaper text HEART to 88888 now! T&C apply. 16 only. Need Help? Call 08701213186.,Spam
O ic lol. Should play 9 doors sometime yo,Not Spam 
"Dunno, my dad said he coming home 2 bring us out 4 lunch. Yup i go w u lor. I call u when i reach school lor...",Not Spam 
"We have sent JD for Customer Service cum Accounts Executive to ur mail id, For details contact us",Not Spam 
Desires- u going to doctor 4 liver. And get a bit stylish. Get ur hair managed. Thats it.,Not Spam 
Hmmm.still we dont have opener?,Not Spam 
Yeah so basically any time next week you can get away from your mom &amp; get up before 3,Not Spam 
"Edison has rightly said, \A fool can ask more questions than a wise man can answer\"" Now you know why all of us are speechless during ViVa.. GM",Not Spam 
I will vote for wherever my heart guides me,Not Spam 
With my sis lor... We juz watched italian job.,Not Spam 
"Tick, tick, tick .... Where are you ? I could die of loneliness you know ! *pouts* *stomps feet* I need you ...",Not Spam 
Lmao you know me so well...,Not Spam 
Double Mins & Double Txt & 1/2 price Linerental on Latest Orange Bluetooth mobiles. Call MobileUpd8 for the very latest offers. 08000839402 or call2optout/LF56,Spam
Am on a train back from northampton so i'm afraid not! I'm staying skyving off today ho ho! Will be around wednesday though. Do you fancy the comedy club this week by the way?,Not Spam 
Goodnight da thangam I really miss u dear.,Not Spam 
Hey next sun 1030 there's a basic yoga course... at bugis... We can go for that... Pilates intro next sat.... Tell me what time you r free,Not Spam 
"Geeeee ... Your internet is really bad today, eh ?",Not Spam 
Free video camera phones with Half Price line rental for 12 mths and 500 cross ntwk mins 100 txts. Call MobileUpd8 08001950382 or Call2OptOut/674,Spam
I think i am disturbing her da,Not Spam 
"Sorry, I'll call you  later. I am in meeting sir.",Not Spam 
Havent stuck at orchard in my dad's car. Going 4 dinner now. U leh? So r they free tonight?,Not Spam 
Ok i also wan 2 watch e 9 pm show...,Not Spam 
I dunno lei... Like dun haf...,Not Spam 
But your brother transfered only  &lt;#&gt;  +  &lt;#&gt; . Pa.,Not Spam 
I calls you later. Afternoon onwords mtnl service get problem in south mumbai. I can hear you but you cann't listen me.,Not Spam 
83039 62735=å£450 UK Break AccommodationVouchers terms & conditions apply. 2 claim you mustprovide your claim number which is 15541 ,Spam
Talk to g and x about that,Not Spam 
Hai dear friends... This is my new &amp; present number..:) By Rajitha Raj (Ranju),Not Spam 
5p 4 alfie Moon's Children in need song on ur mob. Tell ur m8s. Txt Tone charity to 8007 for Nokias or Poly charity for polys: zed 08701417012 profit 2 charity.,Spam
As in different styles?,Not Spam 
WIN a å£200 Shopping spree every WEEK Starting NOW. 2 play text STORE to 88039. SkilGme. TsCs08714740323 1Winawk! age16 å£1.50perweeksub.,Spam
Gud ni8 dear..slp well..take care..swt dreams..Muah..,Not Spam 
I want to sent  &lt;#&gt; mesages today. Thats y. Sorry if i hurts,Not Spam 
"This is the 2nd attempt to contract U, you have won this weeks top prize of either å£1000 cash or å£200 prize. Just call 09066361921",Spam
"Well, i'm glad you didn't find it totally disagreeable ... Lol",Not Spam 
"Guy, no flash me now. If you go call me, call me. How madam. Take care oh.",Not Spam 
Do you want a New Nokia 3510i colour phone DeliveredTomorrow? With 300 free minutes to any mobile + 100 free texts + Free Camcorder reply or call 08000930705.,Spam
Mark works tomorrow. He gets out at 5. His work is by your house so he can meet u afterwards.,Not Spam 
\Keep ur problems in ur heart,Not Spam 
"Yeah, give me a call if you've got a minute",Not Spam 
\HI BABE UAWAKE?FEELLIKW SHIT.JUSTFOUND OUT VIA ALETTER THATMUM GOTMARRIED 4thNOV.BEHIND OURBACKS åÐ FUCKINNICE!SELFISH,Not Spam 
Amazing : If you rearrange these letters it gives the same meaning... Dormitory = Dirty room Astronomer = Moon starer The eyes = They see Election results = Lies lets recount Mother-in-law = Woman Hitler Eleven plus two =Twelve plus one Its Amazing... !:-),Not Spam 
Aiya we discuss later lar... Pick Ì_ up at 4 is it?,Not Spam 
Hey happy birthday...,Not Spam 
Sorry i missed your call. Can you please call back.,Not Spam 
Omg if its not one thing its another. My cat has worms :/ when does this bad day end?,Not Spam 
"Good morning, im suffering from fever and dysentry ..will not be able to come to office today.",Not Spam 
I wont do anything de.,Not Spam 
What type of stuff do you sing?,Not Spam 
"St andre, virgil's cream",Not Spam 
No no. I will check all rooms befor activities,Not Spam 
"My fri ah... Okie lor,goin 4 my drivin den go shoppin after tt...",Not Spam 
Gokila is talking with you aha:),Not Spam 
"Hi Shanil,Rakhesh here.thanks,i have exchanged the uncut diamond stuff.leaving back. Excellent service by Dino and Prem.",Not Spam 
K.k.this month kotees birthday know?,Not Spam 
But i'm really really broke oh. No amount is too small even  &lt;#&gt; ,Not Spam 
Sorry about that this is my mates phone and i didnt write it love Kate,Not Spam 
"TheMob>Hit the link to get a premium Pink Panther game, the new no. 1 from Sugababes, a crazy Zebra animation or a badass Hoody wallpaper-all 4 FREE!",Spam
"Ah, well that confuses things, doesnt it? I thought was friends with now. Maybe i did the wrong thing but i already sort of invited -tho he may not come cos of money.",Not Spam 
"Aight, call me once you're close",Not Spam 
Nope thats fine. I might have a nap tho! ,Not Spam 
This msg is for your mobile content order It has been resent as previous attempt failed due to network error Queries to customersqueries@netvision.uk.com,Spam
In other news after hassling me to get him weed for a week andres has no money. HAUGHAIGHGTUJHYGUJ,Not Spam 
"A Boy loved a gal. He propsd bt she didnt mind. He gv lv lttrs, Bt her frnds threw thm. Again d boy decided 2 aproach d gal , dt time a truck was speeding towards d gal. Wn it was about 2 hit d girl,d boy ran like hell n saved her. She asked 'hw cn u run so fast?' D boy replied \Boost is d secret of my energy\"" n instantly d girl shouted \""our energy\"" n Thy lived happily 2gthr drinking boost evrydy Moral of d story:- I hv free msgs:D;): gud ni8""",Not Spam 
I wnt to buy a BMW car urgently..its vry urgent.but hv a shortage of  &lt;#&gt; Lacs.there is no source to arng dis amt. &lt;#&gt; lacs..thats my prob,Not Spam 
Ding me on ya break fassyole! Blacko from londn,Not Spam 
I REALLY NEED 2 KISS U I MISS U MY BABY FROM UR BABY 4EVA,Not Spam 
"The sign of maturity is not when we start saying big things.. But actually it is, when we start understanding small things... *HAVE A NICE EVENING* BSLVYL",Not Spam 
Oh you got many responsibilities.,Not Spam 
You have 1 new message. Please call 08715205273,Spam
I've reached sch already...,Not Spam 
December only! Had your mobile 11mths+? You are entitled to update to the latest colour camera mobile for Free! Call The Mobile Update VCo FREE on 08002986906 ,Spam
U definitely need a module from e humanities dis sem izzit? U wan 2 take other modules 1st?,Not Spam 
Argh why the fuck is nobody in town ;_;,Not Spam 
"Get 3 Lions England tone, reply lionm 4 mono or lionp 4 poly. 4 more go 2 www.ringtones.co.uk, the original n best. Tones 3GBP network operator rates apply.",Spam
Thanks. Fills me with complete calm and reassurance! ,Not Spam 
Aslamalaikkum....insha allah tohar beeen muht albi mufti mahfuuz...meaning same here....,Not Spam 
Are you driving or training?,Not Spam 
Lol for real. She told my dad I have cancer,Not Spam 
PRIVATE! Your 2003 Account Statement for 078,Not Spam 
"Oops I did have it,  &lt;#&gt; ?",Not Spam 
"\NOT ENUFCREDEIT TOCALL.SHALL ILEAVE UNI AT 6 +GET A BUS TO YOR HOUSE?\""""",Not Spam 
"Hi Chikku, send some nice msgs",Not Spam 
"He is impossible to argue with and he always treats me like his sub, like he never released me ... Which he did and I will remind him of that if necessary",Not Spam 
"After my work ah... Den 6 plus lor... U workin oso rite... Den go orchard lor, no other place to go liao...",Not Spam 
"To the wonderful Okors, have a great month. We cherish you guys and wish you well each day. MojiBiola",Not Spam 
Cuz ibored. And don wanna study,Not Spam 
Wot about on wed nite I am 3 then but only til 9!,Not Spam 
"Rose for red,red for blood,blood for heart,heart for u. But u for me.... Send tis to all ur friends.. Including me.. If u like me.. If u get back, 1-u r poor in relation! 2-u need some 1 to support 3-u r frnd 2 many 4-some1 luvs u 5+- some1 is praying god to marry u.:-) try it....",Not Spam 
Any way where are you and what doing.,Not Spam 
That sucks. I'll go over so u can do my hair. You'll do it free right?,Not Spam 
it's still not working. And this time i also tried adding zeros. That was the savings. The checking is  &lt;#&gt; ,Not Spam 
"Hmm... Dunno leh, mayb a bag 4 goigng out dat is not too small. Or jus anything except perfume, smth dat i can keep.",Not Spam 
Sday only joined.so training we started today:),Not Spam 
Sorry * was at the grocers.,Not Spam 
There are some nice pubs near here or there is Frankie n Bennys near the warner cinema?,Not Spam 
"YOU VE WON! Your 4* Costa Del Sol Holiday or å£5000 await collection. Call 09050090044 Now toClaim. SAE, TC s, POBox334, Stockport, SK38xh, Costå£1.50/pm, Max10mins",Spam
Yup... I havent been there before... You want to go for the yoga? I can call up to book ,Not Spam 
Oh shut it. Omg yesterday I had a dream that I had 2 kids both boys. I was so pissed. Not only about the kids but them being boys. I even told mark in my dream that he was changing diapers cause I'm not getting owed in the face.,Not Spam 
Yeah I imagine he would be really gentle. Unlike the other docs who treat their patients like turkeys.,Not Spam 
FREE for 1st week! No1 Nokia tone 4 ur mobile every week just txt NOKIA to 8077 Get txting and tell ur mates. www.getzed.co.uk POBox 36504 W45WQ 16+ norm150p/tone,Spam
Now that you have started dont stop. Just pray for more good ideas and anything i see that can help you guys i.ll forward you a link.,Not Spam 
Hi darlin im on helens fone im gonna b up the princes 2 nite please come up tb love Kate,Not Spam 
I'm in office now da:)where are you?,Not Spam 
Aiyar u so poor thing... I give u my support k... Jia you! I'll think of u...,Not Spam 
Oh unintentionally not bad timing. Great. Fingers  the trains play along! Will give fifteen min warning.,Not Spam 
Get your garden ready for summer with a FREE selection of summer bulbs and seeds worth å£33:50 only with The Scotsman this Saturday. To stop go2 notxt.co.uk,Spam
K..then come wenever u lik to come and also tel vikky to come by getting free time..:-),Not Spam 
Pls call me da. What happen.,Not Spam 
"Happy new year to u and ur family...may this new year bring happiness , stability and tranquility to ur vibrant colourful life:):)",Not Spam 
No problem with the renewal. I.ll do it right away but i dont know his details.,Not Spam 
Idk. I'm sitting here in a stop and shop parking lot right now bawling my eyes out because i feel like i'm a failure in everything. Nobody wants me and now i feel like i'm failing you.,Not Spam 
Haven't left yet so probably gonna be here til dinner,Not Spam 
"Like  &lt;#&gt; , same question",Not Spam 
MY NEW YEARS EVE WAS OK. I WENT TO A PARTY WITH MY BOYFRIEND. WHO IS THIS SI THEN HEY,Not Spam 
"Sir, I need Velusamy sir's date of birth and company bank facilities details.",Not Spam 
K k:) sms chat with me.,Not Spam 
I will come with karnan car. Please wait till 6pm will directly goto doctor.,Not Spam 
No but the bluray player can,Not Spam 
Ok... Then r we meeting later?,Not Spam 
Lol no. I just need to cash in my nitros. Hurry come on before I crash out!,Not Spam 
Just send a text. We'll skype later.,Not Spam 
Ok leave no need to ask,Not Spam 
"Congrats 2 mobile 3G Videophones R yours. call 09063458130 now! videochat wid ur mates, play java games, Dload polypH music, noline rentl. bx420. ip4. 5we. 150p",Spam
ÌÏ still got lessons?  ÌÏ in sch?,Not Spam 
Y she dun believe leh? I tot i told her it's true already. I thk she muz c us tog then she believe.,Not Spam 
Oh did you charge camera,Not Spam 
"IÛ÷ve got some salt, you can rub it in my open wounds if you like!",Not Spam 
Now i'm going for lunch.,Not Spam 
I'm in school now n i'll be in da lab doing some stuff give me a call when Ì_ r done.,Not Spam 
Oh k. . I will come tomorrow,Not Spam 
"Aight, text me tonight and we'll see what's up",Not Spam 
U 2.,Not Spam 
Water logging in desert. Geoenvironmental implications.,Not Spam 
Raji..pls do me a favour. Pls convey my Birthday wishes to Nimya. Pls. Today is her birthday.,Not Spam 
Company is very good.environment is terrific and food is really nice:),Not Spam 
"Very strange.  and  are watching the 2nd one now but i'm in bed. Sweet dreams, miss u ",Not Spam 
SMS AUCTION - A BRAND NEW Nokia 7250 is up 4 auction today! Auction is FREE 2 join & take part! Txt NOKIA to 86021 now!,Spam
"Hi hope u r both ok, he said he would text and he hasn't, have u seen him, let me down gently please ",Not Spam 
"Babe! I fucking love you too !! You know? Fuck it was so good to hear your voice. I so need that. I crave it. I can't get enough. I adore you, Ahmad *kisses*",Not Spam 
K sure am in my relatives home. Sms me de. Pls:-),Not Spam 
I sent them. Do you like?,Not Spam 
"Fuuuuck I need to stop sleepin, sup",Not Spam 
I'm in town now so i'll jus take mrt down later.,Not Spam 
I just cooked a rather nice salmon a la you,Not Spam 
I uploaded mine to Facebook,Not Spam 
WHAT TIME U WRKIN?,Not Spam 
Okie,Not Spam 
ree entry in 2 a weekly comp for a chance to win an ipod. Txt POD to 80182 to get entry (std txt rate) T&C's apply 08452810073 for details 18+,Spam
Our records indicate u maybe entitled to 5000 pounds in compensation for the Accident you had. To claim 4 free reply with CLAIM to this msg. 2 stop txt STOP,Spam
"Sorry, I'll call later",Not Spam 
Oh oh... Den muz change plan liao... Go back have to yan jiu again...,Not Spam 
"It's wylie, you in tampa or sarasota?",Not Spam 
Ok... Take ur time n enjoy ur dinner...,Not Spam 
Darren was saying dat if u meeting da ge den we dun meet 4 dinner. Cos later u leave xy will feel awkward. Den u meet him 4 lunch lor.,Not Spam 
"Spook up your mob with a Halloween collection of a logo & pic message plus a free eerie tone, txt CARD SPOOK to 8007 zed 08701417012150p per logo/pic ",Spam
I like cheap! But iÛ÷m happy to splash out on the wine if it makes you feel better..,Not Spam 
She.s fine. I have had difficulties with her phone. It works with mine. Can you pls send her another friend request.,Not Spam 
Ugh my leg hurts. Musta overdid it on mon.,Not Spam 
Call Germany for only 1 pence per minute! Call from a fixed line via access number 0844 861 85 85. No prepayment. Direct access! www.telediscount.co.uk,Spam
"YOU VE WON! Your 4* Costa Del Sol Holiday or å£5000 await collection. Call 09050090044 Now toClaim. SAE, TC s, POBox334, Stockport, SK38xh, Costå£1.50/pm, Max10mins",Spam
WOT STUDENT DISCOUNT CAN U GET ON BOOKS?,Not Spam 
Me fine..absolutly fine,Not Spam 
How come she can get it? Should b quite diff to guess rite...,Not Spam 
Had your mobile 11mths ? Update for FREE to Oranges latest colour camera mobiles & unlimited weekend calls. Call Mobile Upd8 on freefone 08000839402 or 2StopTxt,Spam
I will reach ur home in  &lt;#&gt;  minutes,Not Spam 
"Babe, I'm answering you, can't you see me ? Maybe you'd better reboot YM ... I got the photo ... It's great !",Not Spam 
Hi.what you think about match?,Not Spam 
"I know you are thinkin malaria. But relax, children cant handle malaria. She would have been worse and its gastroenteritis. If she takes enough to replace her loss her temp will reduce. And if you give her malaria meds now she will just vomit. Its a self limiting illness she has which means in a few days it will completely stop",Not Spam 
Dai i downloaded but there is only exe file which i can only run that exe after installing.,Not Spam 
It is only yesterday true true.,Not Spam 
K.k.how is your business now?,Not Spam 
3 pa but not selected.,Not Spam 
Natalja (25/F) is inviting you to be her friend. Reply YES-440 or NO-440 See her: www.SMS.ac/u/nat27081980 STOP? Send STOP FRND to 62468,Spam
I keep ten rs in my shelf:) buy two egg.,Not Spam 
I am late. I will be there at,Not Spam 
Well thats nice. Too bad i cant eat it,Not Spam 
I accidentally brought em home in the box,Not Spam 
Pls she needs to dat slowly or she will vomit more.,Not Spam 
I have to take exam with in march 3,Not Spam 
"Jane babes not goin 2 wrk, feel ill after lst nite. Foned in already cover 4 me chuck.:-)",Not Spam 
5 nights...We nt staying at port step liao...Too ex,Not Spam 
If I die I want u to have all my stuffs.,Not Spam 
"\OH FUCK. JUSWOKE UP IN A BED ON A BOATIN THE DOCKS. SLEPT WID 25 YEAR OLD. SPINOUT! GIV U DA GOSSIP L8R. XXX\""""",Not Spam 
Smile in Pleasure Smile in Pain Smile when trouble pours like Rain Smile when sum1 Hurts U Smile becoz SOMEONE still Loves to see u Smiling!!,Not Spam 
Prabha..i'm soryda..realy..frm heart i'm sory,Not Spam 
I re-met alex nichols from middle school and it turns out he's dealing!,Not Spam 
PRIVATE! Your 2003 Account Statement for <fone no> shows 800 un-redeemed S. I. M. points. Call 08715203656 Identifier Code: 42049 Expires 26/10/04,Spam
It means u could not keep ur words.,Not Spam 
"Nope, I'm still in the market",Not Spam 
I realise you are a busy guy and i'm trying not to be a bother. I have to get some exams outta the way and then try the cars. Do have a gr8 day,Not Spam 
YOU ARE CHOSEN TO RECEIVE A å£350 AWARD! Pls call claim number 09066364311 to collect your award which you are selected to receive as a valued mobile customer.,Spam
Hey what how about your project. Started aha da.,Not Spam 
Ok cool. See ya then.,Not Spam 
Am on the uworld site. Am i buying the qbank only or am i buying it with the self assessment also?,Not Spam 
Your opinion about me? 1. Over 2. Jada 3. Kusruthi 4. Lovable 5. Silent 6. Spl character 7. Not matured 8. Stylish 9. Simple Pls reply..,Not Spam 
Someonone you know is trying to contact you via our dating service! To find out who it could be call from your mobile or landline 09064015307 BOX334SK38ch ,Spam
Yeah I can still give you a ride,Not Spam 
"Jay wants to work out first, how's 4 sound?",Not Spam 
"Gud gud..k, chikku tke care.. sleep well gud nyt",Not Spam 
Its a part of checking IQ,Not Spam 
Hmm thinking lor...,Not Spam 
Of course ! Don't tease me ... You know I simply must see ! *grins* ... Do keep me posted my prey ... *loving smile* *devouring kiss*,Not Spam 
thanks for the temales it was wonderful. Thank. Have a great week.,Not Spam 
Thank you princess! I want to see your nice juicy booty...,Not Spam 
Haven't eaten all day. I'm sitting here staring at this juicy pizza and I can't eat it. These meds are ruining my life.,Not Spam 
Gud ni8 dear..slp well..take care..swt dreams..Muah..,Not Spam 
U come n search tat vid..not finishd..,Not Spam 
"K I'm leaving soon, be there a little after 9",Not Spam 
Urgent! Please call 09061213237 from a landline. å£5000 cash or a 4* holiday await collection. T &Cs SAE PO Box 177 M227XY. 16+,Spam
"Yeah work is fine, started last week, all the same stuff as before, dull but easy and guys are fun!",Not Spam 
You do your studies alone without anyones help. If you cant no need to study.,Not Spam 
Please tell me not all of my car keys are in your purse,Not Spam 
I didnt get anything da,Not Spam 
Ok... Sweet dreams...,Not Spam 
Well she's in for a big surprise!,Not Spam 
"As usual..iam fine, happy &amp; doing well..:)",Not Spam 
1 in cbe. 2 in chennai.,Not Spam 
Can help u swoop by picking u up from wherever ur other birds r meeting if u want.,Not Spam 
If anyone calls for a treadmill say you'll buy it. Make sure its working. I found an ad on Craigslist selling for $ &lt;#&gt; .,Not Spam 
I absolutely LOVE South Park! I only recently started watching the office.,Not Spam 
Did you see that film:),Not Spam 
Pls speak with me. I wont ask anything other then you friendship.,Not Spam 
"Storming msg: Wen u lift d phne, u say \HELLO\"" Do u knw wt is d real meaning of HELLO?? . . . It's d name of a girl..! . . . Yes.. And u knw who is dat girl?? \""Margaret Hello\"" She is d girlfrnd f Grahmbell who invnted telphone... . . . . Moral:One can 4get d name of a person",Not Spam 
Gud ni8.swt drms.take care,Not Spam 
HI DARLIN ITS KATE ARE U UP FOR DOIN SOMETHIN TONIGHT? IM GOING TO A PUB CALLED THE SWAN OR SOMETHING WITH MY PARENTS FOR ONE DRINK SO PHONE ME IF U CAN,Not Spam 
Anything lar then Ì_ not going home 4 dinner?,Not Spam 
\ER,Not Spam 
"If you don't, your prize will go to another customer. T&C at www.t-c.biz 18+ 150p/min Polo Ltd Suite 373 London W1J 6HL Please call back if busy ",Spam
Did u fix the teeth?if not do it asap.ok take care.,Not Spam 
So u wan 2 come for our dinner tonight a not?,Not Spam 
"Hello.How u doing?What u been up 2?When will u b moving out of the flat, cos I will need to arrange to pick up the lamp, etc. Take care. Hello caroline!",Not Spam 
Its too late:)but its k.wish you the same.,Not Spam 
"Hi. Hope ur day * good! Back from walk, table booked for half eight. Let me know when ur coming over.",Not Spam 
Oh yeah clearly it's my fault,Not Spam 
Dunno leh cant remember mayb lor. So wat time r we meeting tmr?,Not Spam 
"Best msg: It's hard to be with a person, when u know that one more step foward will make u fall in love.. &amp; One step back can ruin ur friendship.. good night:-) ...",Not Spam 
URGENT! Your Mobile number has been awarded with a å£2000 prize GUARANTEED. Call 09061790126 from land line. Claim 3030. Valid 12hrs only 150ppm,Spam
"Helloooo... Wake up..! \Sweet\"" \""morning\"" \""welcomes\"" \""You\"" \""Enjoy\"" \""This Day\"" \""with full of joy\"".. \""GUD MRNG\"".""",Not Spam 
"Vikky, come around  &lt;TIME&gt; ..",Not Spam 
"And how you will do that, princess? :)",Not Spam 
I have gone into get info bt dont know what to do,Not Spam 
"Yeah, probably here for a while",Not Spam 
Sent me ur email id soon,Not Spam 
"URGENT! You have won a 1 week FREE membership in our å£100,000 Prize Jackpot! Txt the word: CLAIM to No: 81010 T&C www.dbuk.net LCCLTD POBOX 4403LDNW1A7RW18",Spam
I'm still pretty weak today .. Bad day ?,Not Spam 
Hey ! Don't forget ... You are MINE ... For ME ... My possession ... MY property ... MMM ... *childish smile* ...,Not Spam 
An excellent thought by a misundrstud frnd: I knw u hate me bt the day wen u'll knw the truth u'll hate urself:-( Gn:-),Not Spam 
Hey! Congrats 2u2. id luv 2 but ive had 2 go home!,Not Spam 
Dear where you. Call me,Not Spam 
Xy trying smth now. U eat already? We havent...,Not Spam 
Urgent! Please call 09061213237 from landline. å£5000 cash or a luxury 4* Canary Islands Holiday await collection. T&Cs SAE PO Box 177. M227XY. 150ppm. 16+,Spam
I donno its in your genes or something,Not Spam 
XMAS iscoming & ur awarded either å£500 CD gift vouchers & free entry 2 r å£100 weekly draw txt MUSIC to 87066 TnC www.Ldew.com1win150ppmx3age16subscription ,Spam
Alex says he's not ok with you not being ok with it,Not Spam 
Are u coming to the funeral home,Not Spam 
My darling sister. How are you doing. When's school resuming. Is there a minimum wait period before you reapply? Do take care,Not Spam 
I.ll hand her my phone to chat wit u,Not Spam 
Well good morning mr . Hows london treatin' ya treacle?,Not Spam 
I can't make it tonight,Not Spam 
At WHAT TIME should i come tomorrow,Not Spam 
About  &lt;#&gt; bucks. The banks fees are fixed. Better to call the bank and find out.,Not Spam 
"I can. But it will tell quite long, cos i haven't finish my film yet...",Not Spam 
Pls ask macho how much is budget for bb bold 2 is cos i saw a new one for  &lt;#&gt;  dollars.,Not Spam 
"\Hi missed your Call and my mumHas beendropping red wine all over theplace! what is your adress?\""""",Not Spam 
Ill be at yours in about 3 mins but look out for me,Not Spam 
What you did in  leave.,Not Spam 
I'm coming back on Thursday. Yay. Is it gonna be ok to get the money. Cheers. Oh yeah and how are you. Everything alright. Hows school. Or do you call it work now,Not Spam 
"Jolly good! By the way,  will give u tickets for sat eve 7.30. Speak before then x",Not Spam 
"yeah, that's what I was thinking",Not Spam 
K.k:)i'm going to tirunelvali this week to see my uncle ..i already spend the amount by taking dress .so only i want money.i will give it on feb 1,Not Spam 
Here got ur favorite oyster... N got my favorite sashimi... Ok lar i dun say already... Wait ur stomach start rumbling...,Not Spam 
My sister going to earn more than me da.,Not Spam 
Get the official ENGLAND poly ringtone or colour flag on yer mobile for tonights game! Text TONE or FLAG to 84199. Optout txt ENG STOP Box39822 W111WX å£1.50,Spam
Hahaha..use your brain dear,Not Spam 
Jus finish watching tv... U?,Not Spam 
"K, fyi I'm back in my parents' place in south tampa so I might need to do the deal somewhere else",Not Spam 
"Good morning, my Love ... I go to sleep now and wish you a great day full of feeling better and opportunity ... You are my last thought babe, I LOVE YOU *kiss*",Not Spam 
Kothi print out marandratha.,Not Spam 
But we havent got da topic yet rite?,Not Spam 
Ok no problem... Yup i'm going to sch at 4 if i rem correctly...,Not Spam 
"Thanks, I'll keep that in mind",Not Spam 
Aah bless! How's your arm?,Not Spam 
"Dear Sir,Salam Alaikkum.Pride and Pleasure meeting you today at the Tea Shop.We are pleased to send you our contact number at Qatar.Rakhesh an Indian.Pls save our Number.Respectful Regards.",Not Spam 
"Gal n boy walking in d park. gal-can i hold ur hand? boy-y? do u think i would run away? gal-no, jst wana c how it feels walking in heaven with an prince..GN:-)",Not Spam 
What makes you most happy?,Not Spam 
Wishing you a wonderful week.,Not Spam 
Sweet heart how are you?,Not Spam 
"Sir, waiting for your letter.",Not Spam 
Dude im no longer a pisces. Im an aquarius now.,Not Spam 
X course it 2yrs. Just so her messages on messenger lik you r sending me,Not Spam 
I think steyn surely get one wicket:),Not Spam 
"Neither [in sterm voice] - i'm studying. All fine with me! Not sure the  thing will be resolved, tho. Anyway. Have a fab hols",Not Spam 
"Garbage bags, eggs, jam, bread, hannaford wheat chex",Not Spam 
No. It's not pride. I'm almost  &lt;#&gt;  years old and shouldn't be takin money from my kid. You're not supposed to have to deal with this stuff. This is grownup stuff--why i don't tell you.,Not Spam 
Sounds better than my evening im just doing my costume. Im not sure what time i finish tomorrow but i will txt you at the end.,Not Spam 
My birthday is on feb  &lt;#&gt;  da. .,Not Spam 
So when do you wanna gym?,Not Spam 
You'd like that wouldn't you? Jerk!,Not Spam 
Are u awake? Is there snow there?,Not Spam 
And of course you should make a stink!,Not Spam 
"u r subscribed 2 TEXTCOMP 250 wkly comp. 1st wk?s free question follows, subsequent wks charged@150p/msg.2 unsubscribe txt STOP 2 84128,custcare 08712405020",Spam
No go. No openings for that room 'til after thanksgiving without an upcharge.,Not Spam 
When you guys planning on coming over?,Not Spam 
Wat Ì_ doing now?,Not Spam 
"My Parents, My Kidz, My Friends n My Colleagues. All screaming.. SURPRISE !! and I was waiting on the sofa.. ... ..... ' NAKED...!",Not Spam 
No sir. That's why i had an 8-hr trip on the bus last week. Have another audition next wednesday but i think i might drive this time.,Not Spam 
Do I? I thought I put it back in the box,Not Spam 
I'm home...,Not Spam 
No one interested. May be some business plan.,Not Spam 
Yup it's at paragon... I havent decided whether 2 cut yet... Hee...,Not Spam 
Good morning princess! Have a great day!,Not Spam 
Guai... ÌÏ shd haf seen him when he's naughty... ÌÏ so free today? Can go jogging...,Not Spam 
Aiyo cos i sms Ì_ then Ì_ neva reply so i wait 4 Ì_ to reply lar. I tot Ì_ havent finish ur lab wat.,Not Spam 
"Living is very simple.. Loving is also simple.. Laughing is too simple.. Winning is tooo simple.. But, Being 'SIMPLE' is very difficult...;-) :-)",Not Spam 
Tell me something. Thats okay.,Not Spam 
Ok,Not Spam 
Hmm. Shall i bring a bottle of wine to keep us amused? Just joking! I'll still bring a bottle. Red or white? See you tomorrow,Not Spam 
This is ur face test ( 1 2 3 4 5 6 7 8 9  &lt;#&gt;  ) select any number i will tell ur face astrology.... am waiting. quick reply...,Not Spam 
"Hey, iouri gave me your number, I'm wylie, ryan's friend",Not Spam 
Yep get with the program. You're slacking.,Not Spam 
I'm in inside office..still filling forms.don know when they leave me.,Not Spam 
"I think your mentor is , but not 100 percent sure.",Not Spam 
Call 09095350301 and send our girls into erotic ecstacy. Just 60p/min. To stop texts call 08712460324 (nat rate),Spam
Camera - You are awarded a SiPix Digital Camera! call 09061221066 fromm landline. Delivery within 28 days.,Spam
A å£400 XMAS REWARD IS WAITING FOR YOU! Our computer has randomly picked you from our loyal mobile customers to receive a å£400 reward. Just call 09066380611,Spam
Just trying to figure out when I'm suppose to see a couple different people this week. We said we'd get together but I didn't set dates,Not Spam 
IMPORTANT MESSAGE. This is a final contact attempt. You have important messages waiting out our customer claims dept. Expires 13/4/04. Call 08717507382 NOW!,Spam
Hi mom we might be back later than  &lt;#&gt; ,Not Spam 
dating:i have had two of these. Only started after i sent a text to talk sport radio last week. Any connection do you think or coincidence?,Not Spam 
"Lol, oh you got a friend for the dog ?",Not Spam 
"Ok., is any problem to u frm him? Wats matter?",Not Spam 
"K I'll head out in a few mins, see you there",Not Spam 
Do u konw waht is rael FRIENDSHIP Im gving yuo an exmpel: Jsut ese tihs msg.. Evrey splleing of tihs msg is wrnog.. Bt sitll yuo can raed it wihtuot ayn mitsake.. GOODNIGHT &amp; HAVE A NICE SLEEP..SWEET DREAMS..,Not Spam 
I cant pick the phone right now. Pls send a message,Not Spam 
I don't want you to leave. But i'm barely doing what i can to stay sane. fighting with you constantly isn't helping.,Not Spam 
The current leading bid is 151. To pause this auction send OUT. Customer Care: 08718726270,Not Spam 
"Free entry to the gr8prizes wkly comp 4 a chance to win the latest Nokia 8800, PSP or å£250 cash every wk.TXT GREAT to 80878 http//www.gr8prizes.com 08715705022",Spam
Somebody set up a website where you can play hold em using eve online spacebucks,Not Spam 
Its sunny in california. The weather's just cool,Not Spam 
You have 1 new message. Call 0207-083-6089,Spam
"I can make it up there, squeezed  &lt;#&gt;  bucks out of my dad",Not Spam 
Good day to You too.Pray for me.Remove the teeth as its painful maintaining other stuff.,Not Spam 
How are you babes. Hope your doing ok. I had a shit nights sleep. I fell asleep at 5.IåÕm knackered and iåÕm dreading work tonight. What are thou upto tonight. X,Not Spam 
How do friends help us in problems? They give the most stupid suggestion that Lands us into another problem and helps us forgt the previous problem,Not Spam 
I'm at work. Please call,Not Spam 
I will be gentle baby! Soon you will be taking all  &lt;#&gt;  inches deep inside your tight pussy...,Not Spam 
NOT MUCH NO FIGHTS. IT WAS A GOOD NITE!!,Not Spam 
Ok.ok ok..then..whats ur todays plan,Not Spam 
Nt joking seriously i told,Not Spam 
Watching ajith film ah?,Not Spam 
Ooooooh I forgot to tell u I can get on yoville on my phone,Not Spam 
"All done, all handed in. Don't know if mega shop in asda counts as celebration but thats what i'm doing!",Not Spam 
I dont know exactly could you ask chechi.,Not Spam 
Dunno lei shd b driving lor cos i go sch 1 hr oni.,Not Spam 
As in i want custom officer discount oh.,Not Spam 
That's necessarily respectful,Not Spam 
Hi. Hope you had a good day. Have a better night.,Not Spam 
And he's apparently bffs with carly quick now,Not Spam 
HARD BUT TRUE: How much you show &amp;  express your love to someone....that much it will hurt when they leave you or you get seperated...!ö´Ó_??Û¬ud evening...,Not Spam 
Babes I think I got ur brolly I left it in English wil bring it in 2mrw 4 u luv Franxx,Not Spam 
Hi babe its me thanks for coming even though it didnt go that well!i just wanted my bed! Hope to see you soon love and kisses xxx,Not Spam 
So gd got free ice cream... I oso wan...,Not Spam 
Pls give her prometazine syrup. 5mls then  &lt;#&gt; mins later feed.,Not Spam 
So how many days since then?,Not Spam 
Dear are you angry i was busy dear,Not Spam 
Yup he msg me: is tat yijue? Then i tot it's my group mate cos we meeting today mah... I'm askin if Ì_ leaving earlier or wat mah cos mayb Ì_ haf to walk v far...,Not Spam 
... Are you in the pub?,Not Spam 
There is a first time for everything :),Not Spam 
"Daddy, shu shu is looking 4 u... U wan me 2 tell him u're not in singapore or wat?",Not Spam 
I ask if u meeting da ge tmr nite...,Not Spam 
Gr8. So how do you handle the victoria island traffic. Plus when's the album due,Not Spam 
Nite nite pocay wocay luv u more than n e thing 4eva I promise ring u 2morrowxxxx,Not Spam 
East coast,Not Spam 
You should get more chicken broth if you want ramen unless there's some I don't know about,Not Spam 
My slave! I want you to take 2 or 3 pictures of yourself today in bright light on your cell phone! Bright light!,Not Spam 
Nope. I just forgot. Will show next week,Not Spam 
So how are you really. What are you up to. How's the masters. And so on.,Not Spam 
I'm at bruce &amp; fowler now but I'm in my mom's car so I can't park (long story),Not Spam 
I dont know oh. Hopefully this month.,Not Spam 
"Hi elaine, is today's meeting confirmed?",Not Spam 
Ok k..sry i knw 2 siva..tats y i askd..,Not Spam 
"Sorry, I'll call later",Not Spam 
U horrible gal... U knew dat i was going out wif him yest n u still come n ask me...,Not Spam 
Otherwise had part time job na-tuition..,Not Spam 
Oh yeah! And my diet just flew out the window,Not Spam 
Santa Calling! Would your little ones like a call from Santa Xmas eve? Call 09058094583 to book your time.,Spam
You didnt complete your gist oh.,Not Spam 
"Er yeah, i will b there at 15:26, sorry! Just tell me which pub/cafe to sit in and come wen u can",Not Spam 
"If you can make it any time tonight or whenever you can it's cool, just text me whenever you're around",Not Spam 
If I was I wasn't paying attention,Not Spam 
Thanx a lot 4 ur help!,Not Spam 
You're gonna have to be way more specific than that,Not Spam 
Jesus armand really is trying to tell everybody he can find,Not Spam 
I'm wif him now buying tix lar...,Not Spam 
Mode men or have you left.,Not Spam 
Am slow in using biola's fne,Not Spam 
"\What are youdoing later? Sar xxx\""""",Not Spam 
Hey i've booked the 2 lessons on sun liao...,Not Spam 
Thank you. do you generally date the brothas?,Not Spam 
"By the way, make sure u get train to worc foregate street not shrub hill. Have fun night x",Not Spam 
"I thought i'd get him a watch, just cos thats the kind of thing u get4an18th. And he loves so much!",Not Spam 
You have won a guaranteed 32000 award or maybe even å£1000 cash to claim ur award call free on 0800 ..... (18+). Its a legitimat efreefone number wat do u think???,Spam
Good morning. At the repair shop--the ONLY reason i'm up at this hour.,Not Spam 
"And that's fine, I got enough bud to last most of the night at least",Not Spam 
I am back. Good journey! Let me know if you need any of the receipts. Shall i tell you like the pendent?,Not Spam 
So that takes away some money worries,Not Spam 
"aight we can pick some up, you open before tonight?",Not Spam 
"Latest News! Police station toilet stolen, cops have nothing to go on!",Not Spam 
Sac needs to carry on:),Not Spam 
Just sing HU. I think its also important to find someone female that know the place well preferably a citizen that is also smart to help you navigate through. Even things like choosing a phone plan require guidance. When in doubt ask especially girls.,Not Spam 
What???? Hello wats talks email address?,Not Spam 
Except theres a chick with huge boobs.,Not Spam 
Im just wondering what your doing right now?,Not Spam 
Wishing you a beautiful day. Each moment revealing even more things to keep you smiling. Do enjoy it.,Not Spam 
"\For the most sparkling shopping breaks from 45 per person; call 0121 2025050 or visit www.shortbreaks.org.uk\""""",Not Spam 
Arun can u transfr me d amt,Not Spam 
"Sorry, I'll call later",Not Spam 
If you hear a loud scream in about &lt;#&gt; minutes its cause my Gyno will be shoving things up me that don't belong :/,Not Spam 
December only! Had your mobile 11mths+? You are entitled to update to the latest colour camera mobile for Free! Call The Mobile Update Co FREE on 08002986906,Spam
Ok i thk i got it. Then u wan me 2 come now or wat?,Not Spam 
Txt: CALL to No: 86888 & claim your reward of 3 hours talk time to use from your phone now! Subscribe6GBP/mnth inc 3hrs 16 stop?txtStop www.gamb.tv,Spam
U GOIN OUT 2NITE?,Not Spam 
I will treasure every moment we spend together...,Not Spam 
Shall I bring us a bottle of wine to keep us amused? Only joking! IÛ÷ll bring one anyway,Not Spam 
http//tms. widelive.com/index. wml?id=820554ad0a1705572711&first=trueåÁC C RingtoneåÁ,Not Spam 
Get your garden ready for summer with a FREE selection of summer bulbs and seeds worth å£33:50 only with The Scotsman this Saturday. To stop go2 notxt.co.uk,Spam
"URGENT! Last weekend's draw shows that you have won å£1000 cash or a Spanish holiday! CALL NOW 09050000332 to claim. T&C: RSTM, SW7 3SS. 150ppm",Spam
Ok lor.,Not Spam 
I thought slide is enough.,Not Spam 
Yup,Not Spam 
Well obviously not because all the people in my cool college life went home ;_;,Not Spam 
Ok lor Ì_ reaching then message me.,Not Spam 
Where's mummy's boy ? Is he being good or bad ? Is he being positive or negative ? Why is mummy being made to wait? Hmmmm?,Not Spam 
Dhoni have luck to win some big title.so we will win:),Spam
Yes princess! I want to please you every night. Your wish is my command...,Not Spam 
What Today-sunday..sunday is holiday..so no work..,Not Spam 
No probably  &lt;#&gt; %.,Not Spam 
Really do hope the work doesnt get stressful. Have a gr8 day.,Not Spam 
Have you seen who's back at Holby?!,Not Spam 
Shall call now dear having food,Not Spam 
URGENT We are trying to contact you Last weekends draw shows u have won a å£1000 prize GUARANTEED Call 09064017295 Claim code K52 Valid 12hrs 150p pm,Spam
So li hai... Me bored now da lecturer repeating last weeks stuff waste time... ,Not Spam 
", ,  and  picking them up from various points | going 2 yeovil | and they will do the motor project 4 3 hours | and then u take them home. || 12 2 5.30 max. || Very easy",Not Spam 
Also fuck you and your family for going to rhode island or wherever the fuck and leaving me all alone the week I have a new bong &gt;:(,Not Spam 
Ofcourse I also upload some songs,Not Spam 
2p per min to call Germany 08448350055 from your BT line. Just 2p per min. Check PlanetTalkInstant.com for info & T's & C's. Text stop to opt out,Spam
K. I will sent it again,Not Spam 
Oh thanks a lot..i already bought 2 eggs ..,Not Spam 
K. I will sent it again,Not Spam 
U studying in sch or going home? Anyway i'll b going 2 sch later.,Not Spam 
Marvel Mobile Play the official Ultimate Spider-man game (å£4.50) on ur mobile right now. Text SPIDER to 83338 for the game & we ll send u a FREE 8Ball wallpaper,Spam
I think if he rule tamilnadu..then its very tough for our people.,Not Spam 
"Cool, we shall go and see, have to go to tip anyway. Are you at home, got something to drop in later? So lets go to town tonight! Maybe mum can take us in.",Not Spam 
"Good afternoon, my love ... How goes your day ? How did you sleep ? I hope your well, my boytoy ... I think of you ...",Not Spam 
Yes... I trust u to buy new stuff ASAP so I can try it out,Not Spam 
"SMS SERVICES. for your inclusive text credits, pls goto www.comuk.net login= 3qxj9 unsubscribe with STOP, no extra charge. help 08702840625.COMUK. 220-CM2 9AE",Spam
Why did I wake up on my own &gt;:(,Not Spam 
Now get step 2 outta the way. Congrats again.,Not Spam 
Love has one law; Make happy the person you love. In the same way friendship has one law; Never make ur friend feel alone until you are alive.... Gud night,Not Spam 
PRIVATE! Your 2003 Account Statement for 07808247860 shows 800 un-redeemed S. I. M. points. Call 08719899229 Identifier Code: 40411 Expires 06/11/04,Spam
Apo all other are mokka players only,Not Spam 
"Perhaps * is much easy give your account identification, so i will tomorrow at UNI",Not Spam 
Wait . I will msg after  &lt;#&gt;  min.,Not Spam 
What i told before i tell. Stupid hear after i wont tell anything to you. You dad called to my brother and spoken. Not with me.,Not Spam 
God's love has no limit. God's grace has no measure. God's power has no boundaries. May u have God's endless blessings always in ur life...!! Gud ni8,Not Spam 
I want to be inside you every night...,Not Spam 
"Machan you go to gym tomorrow,  i wil come late goodnight.",Not Spam 
Lol they were mad at first but then they woke up and gave in.,Not Spam 
I went to project centre,Not Spam 
"ItÛ÷s reassuring, in this crazy world.",Not Spam 
"Just making dinner, you ?",Not Spam 
Yes. Please leave at  &lt;#&gt; . So that at  &lt;#&gt;  we can leave,Not Spam 
Oh... Okie lor...We go on sat... ,Not Spam 
You are a great role model. You are giving so much and i really wish each day for a miracle but God as a reason for everything and i must say i wish i knew why but i dont. I've looked up to you since i was young and i still do. Have a great day.,Not Spam 
"Ya, i'm referin to mei's ex wat... No ah, waitin 4 u to treat, somebody shld b rich liao...So gd, den u dun have to work frm tmr onwards...",Not Spam 
Miles and smiles r made frm same letters but do u know d difference..? smile on ur face keeps me happy even though I am miles away from u.. :-)keep smiling.. Good nyt,Not Spam 
"By the way, i've put a skip right outside the front of the house so you can see which house it is. Just pull up before it.",Not Spam 
Can you pls send me that company name. In saibaba colany,Not Spam 
No. I dont want to hear anything,Not Spam 
You are a big chic. Common. Declare,Not Spam 
Thats cool. I want to please you...,Not Spam 
Going to join tomorrow.,Not Spam 
You are awarded a SiPix Digital Camera! call 09061221061 from landline. Delivery within 28days. T Cs Box177. M221BP. 2yr warranty. 150ppm. 16 . p på£3.99,Spam
I want to tell you how bad I feel that basically the only times I text you lately are when I need drugs,Not Spam 
PRIVATE! Your 2003 Account Statement for shows 800 un-redeemed S.I.M. points. Call 08718738001 Identifier Code: 49557 Expires 26/11/04,Spam
"Total disappointment, when I texted you was the craziest shit got :(",Not Spam 
Its just the effect of irritation. Just ignore it,Not Spam 
What about this one then.,Not Spam 
I think that tantrum's finished so yeah I'll be by at some point,Not Spam 
Compliments to you. Was away from the system. How your side.,Not Spam 
happened here while you were adventuring,Not Spam 
"Hey chief, can you give me a bell when you get this. Need to talk to you about this royal visit on the 1st june. ",Not Spam 
Ok which your another number,Not Spam 
"I know you are thinkin malaria. But relax, children cant handle malaria. She would have been worse and its gastroenteritis. If she takes enough to replace her loss her temp will reduce. And if you give her malaria meds now she will just vomit. Its a self limiting illness she has which means in a few days it will completely stop",Not Spam 
Aiyah ok wat as long as got improve can already wat...,Not Spam 
Want explicit SEX in 30 secs? Ring 02073162414 now! Costs 20p/min Gsex POBOX 2667 WC1N 3XX,Spam
I can't believe how attached I am to seeing you every day. I know you will do the best you can to get to me babe. I will go to teach my class at your midnight,Not Spam 
Just sleeping..and surfing,Not Spam 
ASKED 3MOBILE IF 0870 CHATLINES INCLU IN FREE MINS. INDIA CUST SERVs SED YES. L8ER GOT MEGA BILL. 3 DONT GIV A SHIT. BAILIFF DUE IN DAYS. I O å£250 3 WANT å£800,Not Spam 
Yeah it's jus rite...,Not Spam 
Armand says get your ass over to epsilon,Not Spam 
U still havent got urself a jacket ah?,Not Spam 
"I'm taking derek &amp; taylor to walmart, if I'm not back by the time you're done just leave the mouse on my desk and I'll text you when priscilla's ready",Not Spam 
Hi its in durban are you still on this number,Not Spam 
Ic. There are a lotta childporn cars then.,Not Spam 
"Had your contract mobile 11 Mnths? Latest Motorola, Nokia etc. all FREE! Double Mins & Text on Orange tariffs. TEXT YES for callback, no to remove from records.",Spam
"No, I was trying it all weekend ;V",Not Spam 
"You know, wot people wear. T shirts, jumpers, hat, belt, is all we know. We r at Cribbs",Not Spam 
"Cool, what time you think you can get here?",Not Spam 
Wen did you get so spiritual and deep. That's great,Not Spam 
Have a safe trip to Nigeria. Wish you happiness and very soon company to share moments with,Not Spam 
Hahaha..use your brain dear,Not Spam 
Well keep in mind I've only got enough gas for one more round trip barring a sudden influx of cash,Not Spam 
Yeh. Indians was nice. Tho it did kane me off a bit he he. We shud go out 4 a drink sometime soon. Mite hav 2 go 2 da works 4 a laugh soon. Love Pete x x,Not Spam 
Yes i have. So that's why u texted. Pshew...missing you so much,Not Spam 
No. I meant the calculation is the same. That  &lt;#&gt; units at  &lt;#&gt; . This school is really expensive. Have you started practicing your accent. Because its important. And have you decided if you are doing 4years of dental school or if you'll just do the nmde exam.,Not Spam 
"Sorry, I'll call later",Not Spam 
if you aren't here in the next  &lt;#&gt;  hours imma flip my shit,Not Spam 
Anything lor. Juz both of us lor.,Not Spam 
Get me out of this dump heap. My mom decided to come to lowes. BORING.,Not Spam 
Ok lor... Sony ericsson salesman... I ask shuhui then she say quite gd 2 use so i considering...,Not Spam 
Ard 6 like dat lor.,Not Spam 
Why don't you wait 'til at least wednesday to see if you get your .,Not Spam 
Huh y lei...,Not Spam 
"REMINDER FROM O2: To get 2.50 pounds free call credit and details of great offers pls reply 2 this text with your valid name, house no and postcode",Spam
"This is the 2nd time we have tried 2 contact u. U have won the å£750 Pound prize. 2 claim is easy, call 087187272008 NOW1! Only 10p per minute. BT-national-rate.",Spam
Will Ì_ b going to esplanade fr home?,Not Spam 
"Pity, * was in mood for that. So...any other suggestions?",Not Spam 
The guy did some bitching but I acted like i'd be interested in buying something else next week and he gave it to us for free,Not Spam 
Rofl. Its true to its name,Not Spam 
